"","x"
"VTQLY",9
"ENLLL",57
"YDYYR",3
"KYFDC",0
"DNTSR",2
"PQEHY",0
"VLVPH",6
"TLTLA",26
"ADLVY",1
"DGSPG",29
"PSLAA",40
"RGVVF",5
"DIFSR",9
"EEIGT",8
"EEWNL",7
"SMMGF",3
"NVPME",1
"AEASK",13
"ARLRA",36
"YCKSH",1
"VHVMS",1
"KEMYL",2
"HQKLL",10
"NTVYT",0
"MPNLY",6
"GGAPT",16
"KDASG",7
"TFLLN",5
"FTMLR",3
"ANSAV",17
"YYNTT",3
"GHNLA",1
"KPVTY",3
"KHDFF",0
"RQFHQ",1
"LQYIR",4
"SFTVE",5
"KTPPI",5
"NLVKN",10
"AAETL",23
"NDILS",4
"TISSF",7
"QSGFR",3
"GPNVN",5
"GPLVR",15
"SIKNF",3
"AYPLT",6
"FKMFY",0
"GWDYP",0
"FKLVN",6
"LNTLV",15
"TNDVS",2
"VIYLY",4
"NSQGL",3
"YNPFM",1
"LEGYA",4
"KRRVV",9
"SFYYV",0
"PNTWC",0
"GWHNM",1
"DKVAG",9
"NSVFN",9
"TGSNV",5
"SFCTQ",2
"NTASW",2
"VDIPG",7
"ATHSD",0
"SLVLA",28
"CCSCL",6
"GSVAI",14
"YLYFI",3
"PLKAP",7
"THNTF",0
"IGNYT",6
"QLCQY",1
